{"xsearch": {
"from": 1,
"to": 100,
"records": 7740,
"list": [
{
"identifier": "http://libris.kb.se/bib/7732484",
"title": "August Strindberg : Paradiesbilder - Infernomalerei",
"creator": "Feuk, Douglas, 1943-",
"isbn": "8788978273",
"type": "book",
"publisher": "Hellerup : Bløndal",
"date": "1991",
"language": "ger"
},
{
"identifier": "http://libris.kb.se/bib/8281864",
"title": "Strindberg : painter and photographer",
"creator": "Strindberg, August, 1849-1912",
"isbn": "0300091877",
"type": "book",
"publisher": "New Haven ; London : Yale Univ. Press in association with the Nationalmuseum, Stockholm",
"date": "2001",
"language": "eng",
"description": "NB: Övers. av: Nancy Adler, Roger Tanner and Laurie Thompson"
},
{
"identifier": "http://libris.kb.se/bib/7602596",
"title": "Strindberg : målaren och fotografen",
"creator": "Strindberg, August, 1849-1912",
"isbn": "9171006346",
"type": "book",
"publisher": "Stockholm : Nationalmuseum",
"date": "2001",
"language": "swe"
},
{
"identifier": "http://libris.kb.se/bib/895291",
"title": "August Strindberg : \"Underlandet\" : [Malmö konsthall 26 december 1989-4 februari 1990]",
"creator": "Strindberg, August, 1849-1912",
"isbn": "9177040406",
"type": "book",
"publisher": "Malmö : Malmö konsthall",
"date": "[1990]",
"language": "swe",
"description": "Li:S"
},
{
"identifier": "http://libris.kb.se/bib/8203289",
"title": "I havsbandet",
"creator": "Strindberg, August, 1849-1912",
"isbn": "9120065639",
"type": "book",
"publisher": "Stockholm : Almqvist & Wiksell",
"date": "1982",
"language": "swe",
"description": [
"hum",
"H: pb",
"Li: S"
],
"relation": "I havsbandet"
},
{
"identifier": "http://libris.kb.se/bib/8203282",
"title": "Tjänstekvinnans son",
"creator": "Strindberg, August, 1849-1912",
"isbn": "9119644027",
"type": "book",
"publisher": "Stockholm : Norstedt",
"date": "1996",
"language": "swe",
"description": [
"hum",
"H: pb",
"Li:S"
],
"relation": "Tjänstekvinnans son. 3-4."
},
{
"identifier": "http://libris.kb.se/bib/262907",
"title": "Tjänstekvinnans son",
"creator": "Strindberg, August, 1849-1912",
"isbn": "9118719422",
"type": "book",
"publisher": "Stockholm : Norstedt",
"date": "1989",
"language": "swe",
"description": [
"hum",
"H: pb",
"Li:S"
],
"relation": "Tjänstekvinnans son. 1-2."
},
{
"identifier": "http://libris.kb.se/bib/7268542",
"title": "Strindberg",
"isbn": [
"9138900378",
"9138900475"
],
"type": "book",
"publisher": "Stockholm : LiberFörlag : Kulturhuset",
"date": "1981",
"language": "swe"
},
{
"identifier": "http://libris.kb.se/bib/4568601",
"title": "Strindberg : a collection of critical essays",
"isbn": [
"0138527989",
"0138528063"
],
"type": "book",
"publisher": "Englewood Cliffs, N.J. : Prentice-Hall",
"date": "1971",
"language": "eng"
},
{
"identifier": "http://libris.kb.se/bib/7642444",
"title": "\"Jag är en djefla man som kan göra många konster\" : August Strindberg om sig själv, medmänniskor och omvärld : citat",
"creator": "Strindberg, August, 1849-1912",
"isbn": "9174487779",
"type": "book",
"publisher": "Stockholm : En bok för alla",
"date": "1994",
"language": "swe",
"description": "Li:S"
},
{
"identifier": "http://libris.kb.se/bib/14722372",
"title": "Strindberg : escritor, pintor, fotógrafo",
"creator": "Strindberg, August 1849-1912",
"isbn": "9788415717133",
"type": "book",
"publisher": "Madrid : Nórdica Libros",
"date": "2012",
"language": "spa",
"description": "Imported from: sigb.bne.es:2200/unicorn (Do not remove)"
},
{
"identifier": "http://libris.kb.se/bib/8203255",
"title": "Teater och Intima teatern",
"creator": "Strindberg, August, 1849-1912",
"isbn": "9113007890",
"type": "book",
"publisher": "Stockholm : Norstedt",
"date": "1999",
"language": "swe",
"description": [
"hum",
"H: pb",
"Li:S"
],
"relation": "Teater och Intima teatern."
},
{
"identifier": "http://libris.kb.se/bib/7280408",
"title": "August Strindberg",
"creator": "Lagercrantz, Olof, 1911-2002",
"isbn": "9146134778",
"type": "book",
"publisher": "Stockholm : Wahlström & Widstrand",
"date": "1979",
"language": "swe"
},
{
"identifier": "http://libris.kb.se/bib/262948",
"title": "Fadren ; Fröken Julie ; Fordringsägare",
"creator": "Strindberg, August, 1849-1912",
"isbn": "9120071140",
"type": "book",
"publisher": "Stockholm : Almqvist & Wiksell",
"date": "1984",
"language": "swe",
"description": [
"hum",
"H: pb",
"NB: 2. revid. tr: rev. gäller ordlistan, ej texten/PL",
"Li: S"
],
"relation": "Fadren ..."
},
{
"identifier": "http://libris.kb.se/bib/8203264",
"title": "Ungdomsdramer",
"creator": "Strindberg, August, 1849-1912",
"isbn": "911871952X",
"type": "book",
"publisher": "Stockholm : Norstedt",
"date": "1989",
"language": "swe",
"description": [
"hum",
"H: pb",
"Li:S"
],
"relation": "Ungdomsdramer. 1"
},
{
"identifier": "http://libris.kb.se/bib/7408686",
"title": "Vänligen August Strindberg : ett år, ett liv i brev",
"creator": "Strindberg, August, 1849-1912",
"isbn": "915183636X",
"type": "book",
"publisher": "Stockholm : Prisma",
"date": "1999",
"language": "swe",
"description": "Li:S"
},
{
"identifier": "http://libris.kb.se/bib/262950",
"title": "Folk-komedin Hemsöborna ; Himmelrikets nycklar",
"creator": "Strindberg, August, 1849-1912",
"isbn": "9120071795",
"type": "book",
"publisher": "Stockholm : Almqvist & Wiksell",
"date": "1985",
"language": "swe",
"description": [
"hum",
"H: pb",
"Li:S"
],
"relation": "olk-komedin Hemsöborna..."
},
{
"identifier": "http://libris.kb.se/bib/262909",
"title": "Dödsdansen : drama",
"creator": "Strindberg, August, 1849-1912",
"isbn": "9118719724",
"type": "book",
"publisher": "Stockholm : Norstedt",
"date": "1988",
"language": "swe",
"description": [
"hum",
"H: pb",
"Li:S"
]
},
{
"identifier": "http://libris.kb.se/bib/10298827",
"title": "Strindberg - urtida, samtida, framtida : texter",
"creator": "Delblanc, Sven, 1931-1992",
"isbn": [
"9789173310338",
"9173310336"
],
"type": "book",
"publisher": "Stockholm : Carlsson",
"date": "2007",
"language": "swe"
},
{
"identifier": "http://libris.kb.se/bib/7732485",
"title": "August Strindberg : paradisbilder - infernomåleri",
"creator": "Feuk, Douglas, 1943-",
"isbn": "8788978281",
"type": "book",
"publisher": "Hellerup : Bløndal",
"date": "1991",
"language": "swe"
},
{
"identifier": "http://libris.kb.se/bib/7333107",
"title": "Strindberg : IVAM centre Julio González 16 febrero-2 mayo 1993",
"creator": "Strindberg, August, 1849-1912",
"isbn": "8448201051",
"type": "book",
"publisher": "Valencia : IVAM",
"date": "1993",
"language": "spa"
},
{
"identifier": "http://libris.kb.se/bib/8370174",
"title": "August Strindberg som målare och kritiker : ett urval",
"isbn": "9171004963 ;",
"type": "book",
"publisher": "Stockholm : Nationalmuseum",
"date": "1994",
"language": "swe",
"description": "Li:S"
},
{
"identifier": "http://libris.kb.se/bib/10038722",
"title": "Nils Strindberg : en biografi om fotografen på Andrées polarexpedition",
"creator": "Martinsson, Tyrone 1967-",
"isbn": [
"9185057606",
"9789185057603"
],
"type": "book",
"publisher": "Lund : Historiska Media",
"date": "2006",
"language": "swe"
},
{
"identifier": "http://libris.kb.se/bib/8203291",
"title": "Två berättelser",
"creator": "Strindberg, August, 1849-1912",
"isbn": "9120071116",
"type": "book",
"publisher": "Stockholm : Norstedt",
"date": "1984",
"language": "swe",
"description": [
"hum",
"H: pb",
"Li: S",
"NB: 2. rev. tr: Korrekturfel i ordlistan rättat/UR"
]
},
{
"identifier": "http://libris.kb.se/bib/262906",
"title": "Tal till svenska nationen ; Folkstaten ; Religiös renässans ; Tsarens kurir",
"creator": "Strindberg, August, 1849-1912",
"isbn": "9118719325",
"type": "book",
"publisher": "Stockholm : Norstedt",
"date": "1988",
"language": "swe",
"description": [
"hum",
"H: pb",
"Li:S"
],
"relation": "Tal till svenska nationen"
},
{
"identifier": "http://libris.kb.se/bib/8203269",
"title": "Ensam ; Sagor",
"creator": "Strindberg, August, 1849-1912",
"isbn": "9119110421",
"type": "book",
"publisher": "Stockholm : Norstedt",
"date": "1994",
"language": "swe",
"description": [
"hum",
"H: pb",
"Li:S"
],
"relation": "Ensam ; Sagor"
},
{
"identifier": "http://libris.kb.se/bib/262941",
"title": "I vårbrytningen",
"creator": "Strindberg, August, 1849-1912",
"isbn": "9120065388",
"type": "book",
"publisher": "Stockholm : Almqvist & Wiksell",
"date": "1981",
"language": "swe",
"description": [
"hum",
"H: pb",
"Li: S"
],
"relation": "I vårbrytningen"
},
{
"identifier": "http://libris.kb.se/bib/8314752",
"title": "Strindberg : peintre et photographe : [Stockholm, Nationalmuseum 9 février 2001 - 13 mai 2001, Copenhague, Statens Museum for Kunst 9 juin 2001 - 16 septembre 2001, Paris, Musée d'Orsay 15 octobre 2001 - 27 janvier 2002]",
"creator": "Strindberg, August, 1849-1912",
"isbn": "2711842991",
"type": "book",
"publisher": "Paris : Réunion des musées nationaux",
"date": "2001",
"language": "fre"
},
{
"identifier": "http://libris.kb.se/bib/8203288",
"title": "Vid högre rätt : två dramer",
"creator": "Strindberg, August, 1849-1912",
"isbn": "9120065353",
"type": "book",
"publisher": "Stockholm : Almqvist & Wiksell",
"date": "1983",
"language": "swe",
"description": [
"hum",
"H: pb",
"Li: S",
"Skr 128:00"
]
},
{
"identifier": "http://libris.kb.se/bib/262944",
"title": "Vivisektioner ; Blomstermålningar och djurstycken ; Skildringar av naturen ; Silverträsket",
"creator": "Strindberg, August, 1849-1912",
"isbn": "9120065884",
"type": "book",
"publisher": "Stockholm : Almqvist & Wiksell",
"date": "1985",
"language": "swe",
"description": [
"hum",
"H: pb",
"Li: S"
],
"relation": "Vivisektioner."
},
{
"identifier": "http://libris.kb.se/bib/12734648",
"title": "Strindberg [Texto impreso] : IVAM Centre Julio González : 16 febrero/2 mayo 1993",
"creator": "Strindberg, August 1849-1912",
"isbn": "8448201051",
"type": "book",
"publisher": "Valencia IVAM Centre Julio González",
"date": "D.L. 1993",
"language": "spa"
},
{
"identifier": "http://libris.kb.se/bib/8203273",
"title": "Dikter på vers och prosa ; Sömngångarnätter på vakna dagar ;  och strödda tidiga dikter",
"creator": "Strindberg, August, 1849-1912",
"isbn": "9119116721",
"type": "book",
"publisher": "Stockholm : Norstedt",
"date": "1995",
"language": "swe",
"description": [
"hum",
"H: pb",
"Li:S"
]
},
{
"identifier": "http://libris.kb.se/bib/8203292",
"title": "Bland franska bönder : subjektiva reseskildringar",
"creator": "Strindberg, August, 1849-1912",
"isbn": "9120071124",
"type": "book",
"publisher": "Stockholm : Almqvist & Wiksell",
"date": "1985",
"language": "swe",
"description": [
"hum",
"H: pb",
"Li:S"
]
},
{
"identifier": "http://libris.kb.se/bib/8203267",
"title": "Ungdomsdramer",
"creator": "Strindberg, August, 1849-1912",
"isbn": "9118814328",
"type": "book",
"publisher": "Stockholm : Norstedt",
"date": "1991",
"language": "swe",
"description": [
"hum",
"H: pb",
"Li:S"
]
},
{
"identifier": "http://libris.kb.se/bib/262903",
"title": "Kamraterna ; Marodörer",
"creator": "Strindberg, August, 1849-1912",
"isbn": "9118718922",
"type": "book",
"publisher": "Stockholm : Norstedt",
"date": "1988",
"language": "swe",
"description": [
"hum",
"H: pb",
"Li:S",
"Li:S"
],
"relation": "Kamraterna ; Marodörer."
},
{
"identifier": "http://libris.kb.se/bib/262930",
"title": "Karl XII ; Engelbrekt",
"creator": "Strindberg, August, 1849-1912",
"isbn": "9119212526",
"type": "book",
"publisher": "Stockholm : Norstedt",
"date": "1993",
"language": "swe",
"description": [
"hum",
"H: pb",
"Li:S"
]
},
{
"identifier": "http://libris.kb.se/bib/262900",
"title": "Kristina ; Gustav III",
"creator": "Strindberg, August, 1849-1912",
"isbn": "9118718620",
"type": "book",
"publisher": "Stockholm : Norstedt",
"date": "1988",
"language": "swe",
"description": [
"hum",
"H: pb",
"Li:S",
"Li:S"
]
},
{
"identifier": "http://libris.kb.se/bib/7589066",
"title": "Strindbergs måleri : en monografi",
"isbn": "9170040036",
"type": "book",
"publisher": "Malmö : Allhem",
"date": "1972",
"language": "swe"
},
{
"identifier": "http://libris.kb.se/bib/8203266",
"title": "Kronbruden ; Svanevit",
"creator": "Strindberg, August, 1849-1912",
"isbn": [
"9118812023",
"9120065760 (invalid)"
],
"type": "book",
"publisher": "Stockholm : Norstedt",
"date": "1990",
"language": "swe",
"description": [
"hum",
"H: pb",
"Li:S"
]
},
{
"identifier": "http://libris.kb.se/bib/8404157",
"title": "Tidiga 80-talsdramer",
"creator": "Strindberg, August, 1849-1912",
"isbn": [
"9113009842",
"9113008765 (invalid)"
],
"type": "book",
"publisher": "Stockholm : Norstedt",
"date": "2002",
"language": "swe"
},
{
"identifier": "http://libris.kb.se/bib/8203271",
"title": "Kammarspel",
"creator": "Strindberg, August, 1849-1912",
"isbn": "9119110626",
"type": "book",
"publisher": "Stockholm : Norstedt",
"date": "1991",
"language": "swe",
"description": [
"hum",
"H: pb",
"Li:S"
]
},
{
"identifier": "http://libris.kb.se/bib/8200563",
"title": "August Strindbergs brev",
"creator": "Strindberg, August, 1849-1912",
"isbn": [
"9100576697",
"På skyddsomsl. felaktigt ISBN: 9100576689 (invalid)"
],
"type": "book",
"publisher": "Stockholm : Bonnier",
"date": "2001",
"language": "swe",
"description": "Li:S",
"relation": "August Strindbergs brev"
},
{
"identifier": "http://libris.kb.se/bib/262910",
"title": "Ett drömspel",
"creator": "Strindberg, August, 1849-1912",
"isbn": [
"9118811825",
"9118719724 (invalid)"
],
"type": "book",
"publisher": "Stockholm : Norstedt",
"date": "1988",
"language": "swe",
"description": [
"hum",
"H: pb",
"Li:S"
],
"relation": "Ett drömspel"
},
{
"identifier": "http://libris.kb.se/bib/11377383",
"title": "Språkvetenskapliga skrifter",
"creator": "Strindberg, August, 1849-1912",
"isbn": "9789113020600",
"type": "book",
"publisher": "Stockholm : Norstedt",
"date": "2009",
"language": "swe"
},
{
"identifier": "http://libris.kb.se/bib/11377384",
"title": "Språkvetenskapliga skrifter",
"creator": "Strindberg, August, 1849-1912",
"isbn": "9789113020617",
"type": "book",
"publisher": "Stockholm : Norstedt",
"date": "2009",
"language": "swe"
},
{
"identifier": "http://libris.kb.se/bib/8904801",
"title": "Likt och olikt. samt uppsatser och tidningsartiklar 1884-1890",
"creator": "Strindberg, August, 1849-1912",
"isbn": "9113011626",
"type": "book",
"publisher": "Stockholm : Norstedt",
"date": "2003",
"language": "swe"
},
{
"identifier": "http://libris.kb.se/bib/8203260",
"title": "Näktergalen i Wittenberg",
"creator": "Strindberg, August, 1849-1912",
"isbn": "9118718728",
"type": "book",
"publisher": "Stockholm : Norstedt",
"date": "1988",
"language": "swe",
"description": [
"hum",
"H: pb",
"Li:S"
]
},
{
"identifier": "http://libris.kb.se/bib/367761",
"title": "Strindberg : geniet, sökaren, människan",
"creator": "Lundmark, Knut, 1889-1958",
"type": "book",
"publisher": "Stockholm : Nordisk Rotogravyr",
"date": "1948",
"language": "swe"
},
{
"identifier": "http://libris.kb.se/bib/8203262",
"title": "Siste riddaren ; Riksföreståndaren ; Bjälbo-Jarlen",
"creator": "Strindberg, August, 1849-1912",
"isbn": "9118719023",
"type": "book",
"publisher": "Stockholm : Norstedt",
"date": "1988",
"language": "swe",
"description": [
"hum",
"H: pb",
"Li:S"
],
"relation": "Siste riddaren ..."
},
{
"identifier": "http://libris.kb.se/bib/124329",
"title": "August Strindbergs brev",
"creator": "Strindberg, August, 1849-1912",
"isbn": "9100551279",
"type": "book",
"publisher": "Stockholm : Bonnier",
"date": "1991",
"language": "swe",
"description": "Li:S",
"relation": "August Strindbergs brev"
},
{
"identifier": "http://libris.kb.se/bib/8203279",
"title": "Midsommar ; Kaspers fet-tisdag ; Påsk",
"creator": "Strindberg, August, 1849-1912",
"isbn": "9119212224",
"type": "book",
"publisher": "Stockholm : Norstedt",
"date": "1992",
"language": "swe",
"description": [
"hum",
"H: pb",
"Li:S"
]
},
{
"identifier": "http://libris.kb.se/bib/8373825",
"title": "Min eld är den största : brev 1858-1912",
"creator": "Strindberg, August, 1849-1912",
"isbn": "9173246778 ;",
"type": "book",
"publisher": "Stockholm : Ordfront",
"date": "1999",
"language": "swe",
"description": "Li:S"
},
{
"identifier": "http://libris.kb.se/bib/8203278",
"title": "Abu Casems tofflor ; Stora landsvägen",
"creator": "Strindberg, August, 1849-1912",
"isbn": "9119212127",
"type": "book",
"publisher": "Stockholm : Norstedt",
"date": "1992",
"language": "swe",
"description": [
"hum",
"H: pb"
]
},
{
"identifier": "http://libris.kb.se/bib/8203274",
"title": "Folkungasagan ; Gustav Vasa ; Erik XIV",
"creator": "Strindberg, August, 1849-1912",
"isbn": "9119122128",
"type": "book",
"publisher": "Stockholm : Norstedt",
"date": "1992",
"language": "swe",
"description": [
"hum",
"H: pb",
"Li:S"
]
},
{
"identifier": "http://libris.kb.se/bib/8203275",
"title": "Klostret ; Fagervik och Skamsund",
"creator": "Strindberg, August, 1849-1912",
"isbn": "9119210922",
"type": "book",
"publisher": "Stockholm : Norstedt",
"date": "1994",
"language": "swe",
"description": [
"hum",
"H: pb",
"Li:S"
]
},
{
"identifier": "http://libris.kb.se/bib/8200562",
"title": "August Strindbergs brev",
"creator": "Strindberg, August, 1849-1912",
"isbn": [
"9100576689",
"På skyddsomsl. felaktigt ISBN: 9100576697 (invalid)"
],
"type": "book",
"publisher": "Stockholm : Bonnier",
"date": "2001",
"language": "swe",
"description": "Li:S",
"relation": "August Strindbergs brev"
},
{
"identifier": "http://libris.kb.se/bib/14002532",
"title": "Strindberg : ett liv",
"creator": "Söderström, Göran, 1934-",
"isbn": "9789174611823",
"type": "book",
"publisher": "Stockholm  : Lind & Co",
"date": "2013",
"language": "swe"
},
{
"identifier": "http://libris.kb.se/bib/54335",
"title": "Svenska folkets litteraturhistoria",
"creator": "Stolpe, Sven, 1905-1996",
"isbn": "9170089515",
"type": "book",
"publisher": "Stockholm : Askild & Kärnekull",
"date": "1978",
"language": "swe",
"relation": "Svenska folkets litteraturhistoria"
},
{
"identifier": "http://libris.kb.se/bib/11815980",
"title": "Naturvetenskapliga skrifter",
"creator": "Strindberg, August, 1849-1912",
"isbn": "9789113025025",
"type": "book",
"publisher": "Stockholm : Norstedt",
"date": "2010",
"language": "swe"
},
{
"identifier": "http://libris.kb.se/bib/13907447",
"title": "August Strindberg : Göteborgs konstmuseum, 24 november-24 februari 2013",
"creator": "Strindberg, August, 1849-1912",
"isbn": "9789187968815",
"type": "book",
"publisher": "Göteborg : Göteborgs konstmuseum",
"date": "2012",
"language": "swe"
},
{
"identifier": "http://libris.kb.se/bib/124321",
"title": "August Strindbergs brev",
"creator": "Strindberg, August, 1849-1912",
"type": "book",
"publisher": "Stockholm : Bonnier",
"date": "1965",
"language": "swe",
"relation": "August Strindbergs brev"
},
{
"identifier": "http://libris.kb.se/bib/8203281",
"title": "Den världshistoriska trilogin ; Dramafragment",
"creator": "Strindberg, August, 1849-1912",
"isbn": "9119643926",
"type": "book",
"publisher": "Stockholm : Norstedt",
"date": "1996",
"language": "swe",
"description": [
"hum",
"H: pb",
"Li:S"
]
},
{
"identifier": "http://libris.kb.se/bib/4936437",
"title": "Strindberg : a biography",
"creator": "Meyer, Michael, 1921-2000",
"isbn": "0436278529",
"type": "book",
"publisher": "London : Secker & Warburg",
"date": "1985",
"language": "eng"
},
{
"identifier": "http://libris.kb.se/bib/5780526",
"title": "Strindberg - other sides : seven plays",
"creator": "Strindberg, August, 1849-1912",
"isbn": "0820436917",
"type": "book",
"publisher": "New York : Lang",
"date": "1997",
"language": "eng"
},
{
"identifier": "http://libris.kb.se/bib/159675",
"title": "Le plaidoyer d'un fou",
"creator": "Strindberg, August, 1849-1912",
"isbn": "9172300221 ;",
"type": "book",
"publisher": "Stockholm : Svenska vitterhetssamf",
"date": "1978",
"language": "fre",
"relation": "plaidoyer d'un fou"
},
{
"identifier": "http://libris.kb.se/bib/124326",
"title": "August Strindbergs brev",
"creator": "Strindberg, August, 1849-1912",
"isbn": [
"9100380881",
"9100380903"
],
"type": "book",
"publisher": "Stockholm : Bonnier",
"date": "1974",
"language": "swe",
"relation": "August Strindbergs brev"
},
{
"identifier": "http://libris.kb.se/bib/124328",
"title": "August Strindbergs brev",
"creator": "Strindberg, August, 1849-1912",
"isbn": "9100476595",
"type": "book",
"publisher": "Stockholm : Bonnier",
"date": "1989",
"language": "swe",
"relation": "August Strindbergs brev"
},
{
"identifier": "http://libris.kb.se/bib/124331",
"title": "August Strindbergs brev",
"creator": "Strindberg, August, 1849-1912",
"isbn": "9100558745",
"type": "book",
"publisher": "Stockholm : Bonnier",
"date": "1994",
"language": "swe",
"description": [
"NB: ursprungligen NB94:21 utan v",
"Li:S"
],
"relation": "August Strindbergs brev"
},
{
"identifier": "http://libris.kb.se/bib/8200561",
"title": "August Strindbergs brev",
"creator": "Strindberg, August, 1849-1912",
"isbn": "9100562289",
"type": "book",
"publisher": "Stockholm : Bonnier",
"date": "1996",
"language": "swe",
"description": "Li:S",
"relation": "August Strindbergs brev"
},
{
"identifier": "http://libris.kb.se/bib/7732487",
"title": "August Strindberg : Inferno painting : pictures of paradise",
"creator": "Feuk, Douglas, 1943-",
"isbn": "8788978311",
"type": "book",
"publisher": "Hellerup : Ed. Bløndal",
"date": "1991",
"language": "eng"
},
{
"identifier": "http://libris.kb.se/bib/6853461",
"title": "Strindberg : the Moscow papers",
"isbn": [
"1870041437",
"01870041437 (invalid)"
],
"type": "book",
"publisher": "[Norwich] : [Norvik Press] ; Stockholm : Strindbergssällskapet",
"date": "1998",
"language": "eng"
},
{
"identifier": "http://libris.kb.se/bib/6523754",
"title": "August Strindberg",
"isbn": "2851970860",
"type": "book",
"publisher": "Paris : L'Herne",
"date": "2000",
"language": "fre"
},
{
"identifier": "http://libris.kb.se/bib/8214167",
"title": "Le théâtre dans le monde",
"type": "book",
"publisher": "Bruxelles",
"date": "1962",
"language": "eng",
"relation": "Le théâtre dans le monde"
},
{
"identifier": "http://libris.kb.se/bib/262914",
"title": "Skärkarlsliv : berättelser",
"creator": "Strindberg, August, 1849-1912",
"isbn": "9118915825",
"type": "book",
"publisher": "Stockholm : Norstedt",
"date": "1989",
"language": "swe",
"description": [
"hum",
"H: pb",
"Li:S"
]
},
{
"identifier": "http://libris.kb.se/bib/8203257",
"title": "En blå bok",
"creator": "Strindberg, August, 1849-1912",
"isbn": "9113008730",
"type": "book",
"publisher": "Stockholm : Norstedt",
"date": "2000",
"language": "swe",
"description": [
"hum",
"H: pb",
"Li:S"
]
},
{
"identifier": "http://libris.kb.se/bib/8390158",
"title": "Strindberg och kvinnofrågan till och med Giftas I",
"creator": "Boëthius, Ulf, 1933-",
"type": "book",
"publisher": "Stockholm : Prisma",
"date": "1969",
"language": "swe"
},
{
"identifier": "http://libris.kb.se/bib/262949",
"title": "Nio enaktare 1888-1892",
"creator": "Strindberg, August, 1849-1912",
"isbn": "9120071647",
"type": "book",
"publisher": "Stockholm : Norstedt",
"date": "1984",
"language": "swe",
"description": [
"hum",
"H: pb",
"Li: S"
],
"relation": "Nio enaktare 1888-1892"
},
{
"identifier": "http://libris.kb.se/bib/406686",
"title": "Strindberg - ett författarliv",
"creator": "Brandell, Gunnar, 1916-1994",
"isbn": "9174580671",
"type": "book",
"publisher": "Stockholm : Alba",
"date": "1989",
"language": "swe",
"relation": "Strindberg - ett författarliv"
},
{
"identifier": "http://libris.kb.se/bib/124330",
"title": "August Strindbergs brev",
"creator": "Strindberg, August, 1849-1912",
"isbn": "9100555657",
"type": "book",
"publisher": "Stockholm : Bonnier",
"date": "1993",
"language": "swe",
"description": "Li:S",
"relation": "August Strindbergs brev"
},
{
"identifier": "http://libris.kb.se/bib/7282519",
"title": "Strindberg - murveln : en bok om journalisten August Strindberg",
"creator": "Kullenberg, Annette, 1939-",
"isbn": "9146171371",
"type": "book",
"publisher": "Stockholm : Wahlström & Widstrand",
"date": "1997",
"language": "swe",
"description": "Li:S"
},
{
"identifier": "http://libris.kb.se/bib/406689",
"title": "Strindberg - ett författarliv",
"creator": "Brandell, Gunnar, 1916-1994",
"isbn": "9174588923",
"type": "book",
"publisher": "Stockholm : Alba",
"date": "1987",
"language": "swe",
"relation": "Strindberg - ett författarliv"
},
{
"identifier": "http://libris.kb.se/bib/8203277",
"title": "Svarta fanor : sedeskildringar från sekelskiftet",
"creator": "Strindberg, August, 1849-1912",
"isbn": "9119211120",
"type": "book",
"publisher": "Stockholm : Norstedt",
"date": "1995",
"language": "swe",
"description": [
"hum",
"H: pb",
"Li:S"
],
"relation": "Svarta fanor"
},
{
"identifier": "http://libris.kb.se/bib/1896031",
"title": "Skrifter",
"creator": "Strindberg, August, 1849-1912",
"type": "book",
"publisher": "Stockholm : Bonnier",
"date": "1946",
"language": "swe",
"relation": "Skrifter"
},
{
"identifier": "http://libris.kb.se/bib/861162",
"title": "August Strindberg : målningar",
"creator": "Strindberg, August, 1849-1912",
"type": "book",
"publisher": "Stockholm : Moderna museet",
"date": "1963",
"language": "swe"
},
{
"identifier": "http://libris.kb.se/bib/124322",
"title": "August Strindbergs brev",
"creator": "Strindberg, August, 1849-1912",
"type": "book",
"publisher": "Stockholm : Bonnier",
"date": "1968",
"language": "swe",
"relation": "August Strindbergs brev"
},
{
"identifier": "http://libris.kb.se/bib/124324",
"title": "August Strindbergs brev",
"creator": "Strindberg, August, 1849-1912",
"type": "book",
"publisher": "Stockholm : Bonnier",
"date": "1970",
"language": "swe",
"relation": "August Strindbergs brev"
},
{
"identifier": "http://libris.kb.se/bib/8203254",
"title": "En ny blå bok",
"creator": "Strindberg, August, 1849-1912",
"isbn": "9113007882",
"type": "book",
"publisher": "Stockholm : Norstedt",
"date": "1999",
"language": "swe",
"description": [
"hum",
"H: pb",
"Li:S"
],
"relation": "En ny blå bok"
},
{
"identifier": "http://libris.kb.se/bib/7153935",
"title": "Strindberg : ett liv",
"creator": "Enquist, P. O., 1934-",
"isbn": "9118416225",
"type": "book",
"publisher": "Stockholm : Norstedt : TV 1 Fiction",
"date": "1984",
"language": "swe",
"description": "Li: S"
},
{
"identifier": "http://libris.kb.se/bib/406688",
"title": "Strindberg - ett författarliv",
"creator": "Brandell, Gunnar, 1916-1994",
"isbn": "9174587161",
"type": "book",
"publisher": "Stockholm : Alba",
"date": "1985",
"language": "swe",
"relation": "Strindberg - ett författarliv"
},
{
"identifier": "http://libris.kb.se/bib/124313",
"title": "August Strindbergs brev",
"creator": "Strindberg, August, 1849-1912",
"type": "book",
"publisher": "Stockholm : Bonnier",
"date": "1948",
"language": "swe",
"relation": "August Strindbergs brev"
},
{
"identifier": "http://libris.kb.se/bib/124325",
"title": "August Strindbergs brev",
"creator": "Strindberg, August, 1849-1912",
"type": "book",
"publisher": "Stockholm : Bonnier",
"date": "1972",
"language": "swe",
"relation": "August Strindbergs brev"
},
{
"identifier": "http://libris.kb.se/bib/124314",
"title": "August Strindbergs brev",
"creator": "Strindberg, August, 1849-1912",
"type": "book",
"publisher": "Stockholm : Bonnier",
"date": "1950",
"language": "swe",
"relation": "August Strindbergs brev"
},
{
"identifier": "http://libris.kb.se/bib/124319",
"title": "August Strindbergs brev",
"creator": "Strindberg, August, 1849-1912",
"type": "book",
"publisher": "Stockholm : Bonnier",
"date": "1961",
"language": "swe",
"relation": "August Strindbergs brev"
},
{
"identifier": "http://libris.kb.se/bib/6393161",
"title": "August Strindberg : five major plays",
"creator": "Strindberg, August, 1849-1912",
"isbn": "1575252619",
"type": "book",
"publisher": "Lyme, N.H. : Smith and Kraus",
"date": "2000",
"language": "eng"
},
{
"identifier": "http://libris.kb.se/bib/561560",
"title": "August Strindbergs och Ola Hanssons brevväxling : 1888-1892",
"creator": "Strindberg, August, 1849-1912",
"type": "book",
"publisher": "Stockholm : Albert Bonniers förlag",
"date": "1938",
"language": "swe"
},
{
"identifier": "http://libris.kb.se/bib/7230080",
"title": "Johan August Strindberg",
"creator": "Myrdal, Jan, 1927-",
"isbn": "9127071537",
"type": "book",
"publisher": "Stockholm : Natur och kultur",
"date": "2000",
"language": "swe",
"description": "Li:S"
},
{
"identifier": "http://libris.kb.se/bib/8203268",
"title": "Ungdomsjournalistik",
"creator": "Strindberg, August, 1849-1912",
"isbn": "9119014929",
"type": "book",
"publisher": "Stockholm : Norstedt",
"date": "1991",
"language": "swe",
"description": [
"hum",
"H: pb",
"hum/sam",
"Li:S"
],
"relation": "Ungdomsjournalistik"
},
{
"identifier": "http://libris.kb.se/bib/53907",
"title": "Herr Bengts hustru ; Kamraterna ; Fadren ; Fröken Julie ; Fordringsägare",
"creator": "Strindberg, August, 1849-1912",
"type": "book",
"publisher": "Stockholm : Bonnier",
"date": "1964",
"language": "swe"
},
{
"identifier": "http://libris.kb.se/bib/1562230",
"title": "Strindberg : en ledtråd vid studiet av hans verk",
"creator": "Hedén, Erik, 1875-1925",
"type": "book",
"publisher": "Stockholm : Tiden",
"date": "1926",
"language": "swe"
},
{
"identifier": "http://libris.kb.se/bib/262922",
"title": "Bland franska bönder : subjektiva reseskildringar",
"creator": "Strindberg, August, 1849-1912",
"isbn": "9119119526",
"type": "book",
"publisher": "Stockholm : Norstedt",
"date": "1991",
"language": "swe",
"description": [
"hum",
"H: pb",
"Li:S"
]
}
]
}}